created_at,full_text,retweet_count,favorite_count,screen_name
2022-12-09T13:56:47Z,"What exactly does the US want from Asia?
https://t.co/fTQ8CDK8iZ",50,278,zlj517
2022-12-08T13:59:04Z,"What does COVID-19 origins inquiry mean for U.S. scientists?
https://t.co/CPG6B7a9ym",86,504,zlj517
2022-12-07T13:00:20Z,"When a friend in need becomes a friend in greed ‚Äì How US stabs its European allies in the back
https://t.co/t8zNSl3LIm",213,1018,zlj517
2022-12-06T13:07:27Z,"US politics vanishing into entertainment
https://t.co/hqcO7Mn8FW",70,451,zlj517
2022-12-05T13:56:28Z,"Will the trees again give the woodsman a shaft for his axe?
https://t.co/wMaPuk4Ii6",65,471,zlj517
2022-12-04T13:27:35Z,"US social media, or the Ministry of Truth?
https://t.co/3nqNSIpVgu",215,1130,zlj517
2022-12-03T13:54:00Z,"U.S. chip ban on China a dangerous game for all
https://t.co/zrdJaiTW0D",93,493,zlj517
2022-11-27T01:54:14Z,"A panda performs ""flying yoga"" at Guangzhou Zoo. https://t.co/rrLxRVteEq",309,2499,zlj517
2022-11-27T01:53:59Z,Chip-war policy is hurting the US firms more than China. https://t.co/gzMd8fCckK,160,742,zlj517
2022-11-27T01:53:16Z,Orange Line metro in Lahore jointly built by China &amp; Pakistan has greatly improved transportation and brought significant jobs to the people. https://t.co/XCdfOcAW10,212,1143,zlj517
2022-11-26T12:01:00Z,"Red leaves of Xiangshan, Beijing https://t.co/RhIbtrAhe0",461,4875,zlj517
2022-11-24T14:09:15Z,China is increasingly seen as a positive force. https://t.co/LPz6fWBw1s,244,1413,zlj517
2022-11-24T14:08:55Z,Forced labour in #Xinjiang? Is this forced machine labour? Mechanization of Xinjiang's cotton sector is expected to hit 95% this year. https://t.co/xm3rkHDDUP,165,756,zlj517
2022-11-24T14:07:26Z,Decoupling is not an option. https://t.co/apiccW6gIG,123,463,zlj517
2022-11-24T13:56:17Z,It is the US investors who will ultimately suffer from decoupling with China. https://t.co/aD7m4vBsyL,59,225,zlj517
2022-11-24T13:55:42Z,"Sunrise in the Summer Palace, Beijing. https://t.co/GcE8GzJx0g",674,5701,zlj517
2022-11-24T13:54:46Z,3D animators show how a 388-meter-high skyscraper in #Shenzhen was built in a single-take video. https://t.co/pbghjCFlhm,60,316,zlj517
2022-11-24T13:53:40Z,"The construction of Lusail Stadium, the main stadium of the World Cup Qatar 2022, built by a Chinese company. https://t.co/bspTs6OpIk",101,429,zlj517
2022-11-24T12:05:00Z,"Que le train du d√©veloppement commun aille de l'avant √† travers le brouillard de l'√©conomie mondiale
https://t.co/emOavb3JHJ",56,190,zlj517
2022-11-23T12:01:00Z,"What exactly does the US want from Asia?
https://t.co/fTQ8CDJAtr",74,309,zlj517
2022-11-22T10:36:00Z,"What does #COVID19 origins inquiry mean for U.S. scientists?
https://t.co/CPG6B6S0ke",62,423,zlj517
2022-11-21T12:35:00Z,"When a friend in need becomes a friend in greed ‚Äì How US stabs its European allies in the back
https://t.co/t8zNSkLCue",327,1477,zlj517
2022-11-15T12:14:12Z,"The dollar is smiling. The world is not amused. 
https://t.co/91S34jvKTQ",48,216,zlj517
2022-11-14T12:58:10Z,"Russia-Ukraine crisis, a bonanza for U.S.
https://t.co/I1yRSBaZ2y",33,140,zlj517
2022-11-13T11:52:17Z,"Why is the world's richest country starving its people?
https://t.co/Y9y0hcqvI6",147,577,zlj517
2022-11-11T15:14:21Z,"The Border Is Not Only for Migrants, But Also for U.S. Party Politics
https://t.co/2nq436Lri6",42,154,zlj517
2022-11-10T14:15:06Z,"Dear friends, many thanks for the blessings on my birthday. I wish you all every success in the career and every happiness in your life!",286,5793,zlj517
2022-11-09T13:30:05Z,"Anti-Indigenous racism -- Canada's most persistent and pressing human rights issue
https://t.co/AoxwuILNAu",68,327,zlj517
2022-11-08T11:17:38Z,"Democracy dies when money knocks on the door
https://t.co/tyr1UoCiQe",235,1159,zlj517
2022-10-31T12:28:24Z,"CPEC, as BRI‚Äôs flagship program and landmark of China-Pakistan cooperation, has given a considerable boost to Pakistan‚Äôs economy &amp; living standards. https://t.co/3iWuKamtbC",213,1012,zlj517
2022-10-31T12:28:06Z,Warm welcome to Prime Minister Shehbaz Sharif! We look forward to greater high-level strategic cooperation with Pakistan. https://t.co/b4ugBVEB86,126,615,zlj517
2022-10-27T13:10:28Z,"In the first 3 quarters of 2022, China's GDP increased by 3% y-on-y, totaling 87 trillion yuan. https://t.co/GBVQedOB6k",188,1124,zlj517
2022-10-27T13:10:10Z,"Evening in #Beijing
CR: Sharing Travel https://t.co/xyHfsd7K0a",262,2619,zlj517
2022-10-27T13:09:50Z,"Autumn in the Forbidden City, #Beijing https://t.co/i2Hi0zslgd",244,1763,zlj517
2022-10-26T12:50:00Z,China in a decade.#ChinaDecade https://t.co/vvnnbWvrKd,340,1562,zlj517
2022-10-26T12:37:00Z,"The cotton harvest season has started in #Xinjiang, the largest cotton-growing area in #China. https://t.co/mpJAW61Fl0",233,1385,zlj517
2022-10-26T12:30:00Z,"""Lucid waters and lush mountains are invaluable assets."" China continues to deliver on its green commitment. https://t.co/prH5X9BRyz",117,420,zlj517
2022-10-26T12:01:00Z,China is one of the safest countries in the world. https://t.co/94sOdFhrwy,2393,13554,zlj517
2022-10-26T01:40:00Z,The Fifth China International Import Expo (#CIIE) is coming! https://t.co/aQjFAcvPrq,209,1550,zlj517
2022-10-26T00:52:00Z,"With 3 million participants, an interactive survey reveals what China has experienced over the last decade in the eyes of Chinese people. #ChinaDecade https://t.co/0GGvoC0QQs",120,500,zlj517
2022-10-26T00:19:29Z,"Hanging Roads on Cliff and basketball court in Karst cave, ‚ÄúEngineering Wonders‚Äù of #povertyalleviation projects in Guizhou. https://t.co/qGjeQJTBn7",81,285,zlj517
2022-10-26T00:18:46Z,Let's follow Pan's adventures in the Metaverse for an insight into how far China has advanced in pursuit of national rejuvenation in the past decade. #ChinaDecade https://t.co/rNy73xATMG,91,338,zlj517
2022-10-24T01:43:00Z,typo: benefits,23,156,zlj517
2022-10-23T12:39:43Z,Stunning night view in #Chongqing https://t.co/tFwuYanRcm,322,3007,zlj517
2022-10-23T12:39:22Z,"Coastal bike path in #Xiamen, #Fujian https://t.co/SNxD8AsTVz",203,1249,zlj517
2022-10-23T12:38:38Z,"China builds trade corridors aiming for shared nenefits and mutual opportunities.
https://t.co/Nm1yFbBy4t",55,322,zlj517
2022-10-22T11:06:18Z,"No place for rules and order in the 'rules-based international order'
https://t.co/95WcjR06Be",107,372,zlj517
2022-10-21T14:38:32Z,Numbers related to China https://t.co/s2tRURu9UY,142,582,zlj517
2022-10-21T14:37:45Z,China in the past decade https://t.co/7ob5OxVEVz,111,456,zlj517
2022-10-21T14:36:08Z,China's pathway to poverty eradication. https://t.co/Rn7RI6WViC,131,545,zlj517
2022-10-21T14:34:18Z,https://t.co/x2MKqhIneE,69,267,zlj517
2022-10-21T14:33:12Z,A glimpse of China in 2035 https://t.co/O8CdrWJYWt,299,1388,zlj517
2022-10-21T14:32:04Z,"By 2030, the BRI will play an even bigger role. https://t.co/CnOTY9goyN",102,391,zlj517
2022-10-21T14:31:04Z,Major-country diplomacy with Chinese characteristics in past decade. #20thCPCNationalCongress https://t.co/DXHSTpyxH5,74,256,zlj517
2022-10-21T14:28:55Z,General Secretary Xi Jinping elaborates on Chinese modernization. #20thCPCNationalCongress https://t.co/kAe0oN8I75,393,2264,zlj517
2022-10-20T13:27:04Z,"A Bollywood movie doesn‚Äôt need a Hollywood director: India‚Äôs march on the road of decolonization
https://t.co/XDYOeYONIe",97,493,zlj517
2022-10-19T13:41:43Z,The American restrictions on chips will only weaken its comprehensive competitiveness. https://t.co/m2lGDHLmgP,98,445,zlj517
2022-10-19T13:38:02Z,We are the Communist Party of China. #ThisIsCPC https://t.co/5qZgWTfUAO,699,3574,zlj517
2022-10-19T13:32:44Z,"All box girders along the Chinese built Jakarta-Bandung High Speed Railway (HSR) have now been installed, laying a solid foundation for the route's completion and opening to traffic in June 2023. https://t.co/fiJrzt4zgV",98,374,zlj517
2022-10-19T13:31:49Z,"CPC has continually given top priority to healthcare at the grass-roots level, which is reflected in the achievements of a series of medical reforms over the last decade. #20thCPCNationalCongress https://t.co/eIB705J6gW",117,456,zlj517
2022-10-19T13:30:20Z,Glorious 10 years in pictures. #ChinaDecade https://t.co/NoRmr5gTz8,198,968,zlj517
2022-10-19T02:22:11Z,True/fake representation of the people #China #US https://t.co/zNTfmP2IlE,2396,14181,zlj517
2022-10-18T14:32:25Z,"Xi Jinping: China stands firmly against hegemonism and power politics, Cold War mentaliy, interference in other countries' internal affairs, and double standards. https://t.co/l5tyiQNBrm",438,1812,zlj517
2022-10-18T14:30:56Z,What does China's modernization mean to China and the world? #20thCPCNationalCongress #20thCPC https://t.co/AIkrnLgfol,117,377,zlj517
2022-10-18T14:29:50Z,Pakistani expert: ‚ÄúWhy the CPC is still life dynamic and playing a leading role after 100 years? The only reason is that the CPC leadership always focuses on the people-centric development approach.‚Äù https://t.co/qagS0vc1Ex,90,339,zlj517
2022-10-18T14:29:02Z,"China vows efforts to ensure food security, regional development, clean energy. #20thCPCNationalCongress https://t.co/2f8fm4htQQ",136,524,zlj517
2022-10-17T14:37:02Z,Inside #Ethiopia‚Äôs China-aided project of the Science Museum https://t.co/xqzphrfI24,108,655,zlj517
2022-10-17T14:36:24Z,China has solved daunting problems in the last ten years. Look at the differences shown by satellites. https://t.co/NlxXomuuoo,170,669,zlj517
2022-10-17T14:33:01Z,"China will never seek hegemony or engage in expansionism, said General Secretary Xi Jinping in his report at #20thCPCNationalCongress. https://t.co/UuQrgU9qeb",450,2060,zlj517
2022-10-17T14:31:56Z,"In General Secretary Xi Jinping's report to #20thCPCNationalCongress, these numbers reflect China's extraordinary achievements in the past decade. https://t.co/AfghNjF6dd",182,632,zlj517
2022-10-15T12:52:51Z,Treating national relations as a political football cannot lead to a win-win situation. https://t.co/h0Z9dmZDNv,105,431,zlj517
2022-10-15T12:52:12Z,Satellite view of the #HongKong-Zhuhai-#Macao Bridge: 4 artificial islands built in 8 years; a 55-kilometer bridge crossing the sea https://t.co/JuDdioaJnQ,136,597,zlj517
2022-10-15T12:51:14Z,"An amazing bridge with Chinese and Islamic characteristics, symbolizing the friendship between #China and #Bangladesh. https://t.co/0Rahn71bI4",240,1629,zlj517
2022-10-15T12:18:00Z,"Is US democracy heading toward a dead end? 
https://t.co/UQlooZlaTS",124,977,zlj517
2022-10-14T12:10:00Z,"The fatal journey to the United States 
https://t.co/cxM9DVkWiG",65,310,zlj517
2022-10-13T12:50:46Z,"The pictures exhibition on the theme of ""Forging Ahead in the New Era"" https://t.co/MTUtG9COnm",194,1049,zlj517
2022-10-13T12:06:52Z,"Immerse into the boundless bamboo forest, breathe in the fresh air and take in the beautiful scenery in Yibin, southwest China's #Sichuan. https://t.co/awZWmrcMgk",111,556,zlj517
2022-10-13T12:06:14Z,Farmers embrace a good harvest this year. https://t.co/1wtmfslqUW,302,2660,zlj517
2022-10-13T12:05:00Z,"US disinformation campaigns on #Xinjiang: A playbook of ""thief crying' stop thief'""
https://t.co/woKs1OoFz4",73,225,zlj517
2022-10-12T13:58:34Z,"The Liangma River in #Beijing, 2019 vs 2022 https://t.co/cjuqLEABY0",240,2261,zlj517
2022-10-12T13:58:11Z,"The average return on US direct investment in China was 14.7% between 2000 and 2020, far higher than that of total US outbound direct investment (9.7%). https://t.co/lFCbzJHPik",84,347,zlj517
2022-10-12T13:57:03Z,Cotton harvest is in full swing in China's #Xinjiang and the overall mechanized rate of cotton-picking this year is expected to exceed 80%. https://t.co/cASsEbKJeJ,104,401,zlj517
2022-10-12T12:02:00Z,"Bloody Assassination: The U.S. Respects No Human Rights or International Law 
https://t.co/7uruENhW4I",71,249,zlj517
2022-10-11T12:58:32Z,Number of supercomputers in different countries. https://t.co/Ze29jRP0r8,473,3401,zlj517
2022-10-11T12:57:37Z,"If the only tool you have is a hammer, every problem has to look like a nail. https://t.co/3ZWBr9kxHt",292,802,zlj517
2022-10-11T12:56:53Z,"#Xinjiang HeRuo Railway, the world's first railway ring around the desert. 825km in length. https://t.co/T6BUxq8d95",169,790,zlj517
2022-10-11T12:56:03Z,A friend in need is a friend indeed. China stands with Pakistan. https://t.co/jVIfPketkG,173,932,zlj517
2022-10-11T12:54:30Z,"Xinjiang is a wonderful place!
#Xinjiang #China #AmazingChina https://t.co/hWbYNZUJYA",227,1362,zlj517
2022-10-11T12:53:34Z,Use time-lapse to discover the vast sky of China. https://t.co/XwHsvmdTnG,71,352,zlj517
2022-10-11T12:52:27Z,"The convener of the Socialist Movement of Ghana, Kyeretwie Opoku: ‚ÄúChina has built itself up without invading anybody, without enslaving anybody, without colonizing anybody.‚Äù https://t.co/ruwo87hlYl",117,416,zlj517
2022-10-09T14:49:13Z,Western propaganda is far more sophisticated. https://t.co/gaZ9rPAZD7,242,891,zlj517
2022-10-09T14:48:19Z,"‚ÄúBeing able to treat patients &amp; save people‚Äôs lives, makes me realize my personal value.‚Äù said Dr. Li, a Chinese doctor in Rwanda for 10 years. https://t.co/oK9xvvdw23",57,319,zlj517
2022-10-09T14:45:58Z,Qinghai‚Äôs harvest in colors. https://t.co/MJv7MQdUjS,127,829,zlj517
2022-10-09T14:44:57Z,"#GunViolence costs the #US $557 billion a year, or 2.6% of gross domestic product, but the tragedy is still on.
https://t.co/1g3F76nZuu",67,262,zlj517
2022-10-08T14:54:49Z,"Autumn scenery:
üö©Rime-covered trees in Jilin
üö©Snow-covered Arxan City in Inner Mongolia
üö©Coastal highway under construction in Hainan
üö©Agriculturally based tourism in Guizhou https://t.co/duvu0fG9ym",87,526,zlj517
2022-10-08T14:53:08Z,Makeshift schools &amp; health facilities from China. Long live China-Pakistan friendshipÔºÅ https://t.co/xXqRe3GLNE,130,600,zlj517
2022-10-08T14:50:30Z,These are the issues that the Human Rights Council truly needs to focus on. https://t.co/B1idPYrecQ,677,2919,zlj517
2022-10-04T13:57:00Z,"L'ombre nucl√©aire sur la r√©gion Pacifique
https://t.co/UcCDhVYzvL",73,336,zlj517
2022-10-03T13:49:00Z,"For U.S., there is no diplomacy but all coercion
https://t.co/NqHDbKprVa",102,497,zlj517
2022-10-02T13:42:00Z,"Beware of a right-leaning Japan 
https://t.co/GU5RRrAVyk",76,418,zlj517
2022-10-01T13:41:00Z,"On the Ukraine crisis, the U.S. has cheated everyone 
https://t.co/TXEGX2RSFO",266,1546,zlj517
2022-09-30T13:40:59Z,"US 'checks and balances' just a tacit excuse used by two parties to drop hot potatoes   
https://t.co/S0F9rIpXSS",137,677,zlj517
2022-09-26T13:37:17Z,Before &amp; After #US https://t.co/X5R0eaOf4n,15919,41484,zlj517
2022-09-26T13:37:00Z,"""This is extremely dangerous to our democrazy."" https://t.co/w4nJdwIKUO",1257,4402,zlj517
2022-09-26T13:36:20Z,#Beijing is preparing for the National Day celebration. https://t.co/wUmK0UYe5N,341,2233,zlj517
2022-09-24T15:16:01Z,Destruction &amp; Construction https://t.co/FidgP5ljNY,1144,7570,zlj517
2022-09-24T15:15:28Z,The words of Macky Sall speak out the voice of the African people. #Senegal https://t.co/7Ffq244ogo,192,710,zlj517
2022-09-24T15:14:51Z,"#Xinjiang, Aksu Kuche Gorge. https://t.co/7Kct2Nwr6i",124,655,zlj517
2022-09-24T15:14:04Z,US Fed rate hike drags down global economy. https://t.co/L9pwV7K90N,201,781,zlj517
2022-09-24T14:45:53Z,"Advice for the US in Africa: Stop Smearing China, Take Real Actions https://t.co/7oAyUve37Z",60,224,zlj517
2022-09-23T16:08:37Z,Who is the friend in needÔºü https://t.co/is2X6QvUVU,565,3113,zlj517
2022-09-23T16:05:37Z,"Jeffrey Sachs: The US shall stop provoke China On  Taiwan, 5G and other fronts. https://t.co/jzcmksdrEK",193,716,zlj517
2022-09-23T15:49:29Z,"A new power-generating unit at the Baihetan hydropower station in Southwest China started full operations, marking another great step in China's utilization of clean energy. https://t.co/6EhIzoYCU1",111,502,zlj517
2022-09-23T15:48:23Z,Is pandemic over in US? https://t.co/fzQjjbH741,226,965,zlj517
2022-09-21T13:35:30Z,"China's Mars discovery:
Tianwen orbiter has been operating for 780 days. The rover Zhurong has traveled 1,921 meters on Mars, and 1,480 gigabytes of raw scientific data has been gathered. https://t.co/OxpCOm2pzI",149,666,zlj517
2022-09-21T13:34:47Z,"""To defend even an inch of land, a country will not hesitate to sacrifice one thousand soldiers."" 
‚ÄîState Councilor and Foreign Minister Wang Yi , when meeting with former US Secretary of State Henry Kissinger https://t.co/OufgKRJYg1",125,586,zlj517
2022-09-21T13:34:15Z,George Koo: One thing that the two parties in the US can agree on is to bash and criticize China. That is a very sad thing. https://t.co/8Pj4TnkzAh,89,343,zlj517
2022-09-21T13:28:57Z,Ambassador of the Solomon Islands in China: China shall continue to do good. https://t.co/WlhnAYhzoA,103,426,zlj517
2022-09-21T11:33:12Z,"Japan should learn its lesson on the Taiwan question 
https://t.co/CpS20NWvq5",53,239,zlj517
2022-09-21T11:32:50Z,Jeffrey Sachs: Where did the refugees come from? https://t.co/kDeD6mu6dY,186,582,zlj517
2022-09-21T11:31:52Z,Who is really leading the global energy transition? https://t.co/WnNajSwrGa,167,822,zlj517
2022-09-21T11:31:33Z,The U.S. has double-crossed its European partners and set a trap for them through the Ukrainian crisis. https://t.co/9NamhPWD14,334,980,zlj517
2022-09-21T11:29:54Z,UN Secretary-General @antonioguterres on China‚Äôs eradication of extreme poverty. https://t.co/rZwfx8zES0,58,202,zlj517
2022-09-20T15:11:26Z,Where do #China and the #US spend their money? https://t.co/STiT60USGk,390,1436,zlj517
2022-09-20T15:10:05Z,"The ancient and modern, Beijing. https://t.co/OpatNHrhIA",266,2268,zlj517
2022-09-20T15:07:40Z,"Look at China's RMB banknotes: Tibetan, Uyghur, Mongolian and Zhuang languages are printed beside mandarin. What about USD banknotes? https://t.co/8NoxF7Hj3g",737,4888,zlj517
2022-09-20T15:06:59Z,"What is American #democracy? 
The majority speaks, but no policymaker listens.
#US #Princeton https://t.co/CKmt1s8R3A",136,527,zlj517
2022-09-20T15:06:12Z,Stop describing the world from the perspective of colonists. https://t.co/WbRoNi2DBK,6641,32727,zlj517
2022-09-20T15:05:18Z,Jeffrey Sachs: Times have changed. https://t.co/mjL3Qsn6Bc,139,416,zlj517
2022-09-20T15:04:12Z,"Why is the US not in a hurry to end Russia-Ukraine conflict? Because someone else is taking the bullets and suffering from supply shortage for it.
#Europe #EnergyCrisis https://t.co/fKLx6XukBe",146,478,zlj517
2022-09-19T12:59:05Z,"""Do not see the east Asia through lenses of Western media."" https://t.co/vxfX4kBXNB",277,1081,zlj517
2022-09-19T12:57:30Z,The NSA‚Äôs cyber attacks and data theft against China are supported by a clear and complete chain of evidence. https://t.co/7VLipVpOg7,258,789,zlj517
2022-09-19T12:54:12Z,Secretary General of the Egyptian Council of Foreign Affairs Hisham el-Zimaity: #SCO is aimed at achieving development for people. https://t.co/Ui2u9KePb1,73,308,zlj517
2022-09-19T12:52:46Z,"Nepali Ambassador to China: China-Nepal railway is a way to prosperity; talk of ‚Äòdebt trap‚Äô just noise.
https://t.co/felxO6U9iN",73,243,zlj517
2022-09-17T13:02:10Z,Starry starry night in #Beijing. https://t.co/UzmdSpRCN5,211,1204,zlj517
2022-09-17T13:00:22Z,94% of our member enterprises are optimistic with their business in China. https://t.co/DOsPCKMC1y,103,384,zlj517
2022-09-17T12:59:40Z,"Behind a new ACT in the US, there's no justice but business. https://t.co/KleOpzHbmE",109,416,zlj517
2022-09-17T12:51:00Z,"China has achieved great economic development in the last 10 years, with significant enhancement of its comprehensive national strength &amp; intl influence. https://t.co/FU6yqWgaFU",157,696,zlj517
2022-09-17T02:12:06Z,"How the richest country loots one of the poorest
https://t.co/vn7gsuKacb",124,643,zlj517
2022-09-15T12:20:20Z,"Geopolitical refrains in U.S. new sub-Saharan strategy disappointing
https://t.co/W7sPPENA51",57,217,zlj517
2022-09-09T12:06:00Z,"¬°A la alerta, Todos! ‚Äî‚ÄîReflexiones a partir de la visita de Pelosi a Taiwan
https://t.co/Kkzu3KxJRq",81,332,zlj517
2022-09-09T12:00:01Z,"PGII, a Repackaging of B3W, a Pious Grandstanding
https://t.co/GxgCRqsvhf",46,206,zlj517
2022-09-08T12:10:30Z,"Quand les Etats-Unis s'opposent √† eux-m√™mes
https://t.co/1k3UIg1Jkd",56,198,zlj517
2022-09-08T12:00:33Z,"Comment les √âtats-Unis sont devenus un √âtat policier
https://t.co/upWGFRZjoZ",51,207,zlj517
2022-09-07T15:53:45Z,"U.S. is squandering the faith of its people 
https://t.co/IFjh0ETUXP",110,476,zlj517
2022-09-07T15:52:50Z,"The Washington Consensus: daggers hidden in smiles
https://t.co/LPIMMj3VGr",65,254,zlj517
2022-09-06T00:40:01Z,"A friend in word 
          VS 
A friend indeed https://t.co/PtVq48e5Vg",156,613,zlj517
2022-09-06T00:39:14Z,Cost of the U.S. war in Afghanistan. https://t.co/rzbvUcbLTr,748,3039,zlj517
2022-09-06T00:37:30Z,"How do the cars disappear? The wonderful underground tunnel, below the Dianchi Lake in Kunming, #Yunnan. https://t.co/TBdCG82Xal",281,1349,zlj517
2022-09-06T00:36:56Z,The 2022 China International Fair for Trade in Services (CIFTIS) has set up an environmental services section for the first time in its history. https://t.co/Sfp80pY0o3,89,394,zlj517
2022-08-31T13:20:47Z,Shows and schemes: What does the US want from Taiwan? https://t.co/7xcPeVn2Q6,121,537,zlj517
2022-08-31T13:19:47Z,Why Does the United States Keep Spreading Lies about Xinjiang?https://t.co/qMZgMIMXre,182,630,zlj517
2022-08-30T11:27:02Z,"While the world faces hunger, the US is having a feast 
https://t.co/VTIyQsghsx",88,289,zlj517
2022-08-30T11:26:20Z,"Pelosi's Taiwan visit spells trouble for the world
https://t.co/as0PSYba2z",133,833,zlj517
2022-08-29T13:03:15Z,"#Changchun Air Show #China 
ÈïøÊò•È£ûË°åË°®Êºî https://t.co/K8j6l8MiVm",377,3330,zlj517
2022-08-29T12:17:08Z,The wonderful performance of the Chinese Air Force at Changchun airshow! https://t.co/c7I9YOcAjI,609,3377,zlj517
2022-08-26T13:30:54Z,Can‚Äôt believe this bowl of beef noodles is actually painted by a Chinese artist! https://t.co/HpHcLCE679,218,1354,zlj517
2022-08-26T13:28:35Z,"Actions speaks louder than words.
https://t.co/WhYmytNuNE",102,318,zlj517
2022-08-26T13:26:04Z,"2,022 drones gathered above the Youyi Park in Changchun, Jilin province to stage a fantastic light show. https://t.co/JcmKMoLQhR",162,935,zlj517
2022-08-26T13:25:33Z,The US spends much more on defense than the next 9 countries combined. https://t.co/3QQBOR0PDT,355,1172,zlj517
2022-08-26T13:24:53Z,They will fight until the last Ukrainian. https://t.co/egc2Ih66MY,747,3085,zlj517
2022-08-26T13:24:35Z,China values win-win. But you will see a lot of lose-lose behavior of the US. https://t.co/ihaJjotMjR,104,409,zlj517
2022-08-25T15:56:04Z,"U.S., UK and Australia Should Stop Hypocritical Justifications on Nuclear-powered Submarines Cooperation
https://t.co/dztbVXTHj7",80,256,zlj517
2022-08-25T15:55:42Z,"Life in the US ‚ÄòEmpire of Surveillance‚Äô: Trapped in ‚ÄòDragnet‚Äô
https://t.co/K8kSmmyiFx",76,233,zlj517
2022-08-25T15:54:52Z,"US must give up its double standards on non-proliferation
https://t.co/MnGimcveXK",64,226,zlj517
2022-08-25T15:54:23Z,"Taiwan visit exposes Pelosi to more problems 
https://t.co/K2IZ1xhOmi",103,514,zlj517
2022-08-25T15:53:50Z,"Partisanship erodes SCOTUS and stings U.S. public
https://t.co/GZYkHZHCgY",49,145,zlj517
2022-08-25T15:53:02Z,"Empire of Hacking: U.S. is the Biggest Threat to Cyber Security
https://t.co/piGWDc9KPF",79,260,zlj517
2022-08-25T15:52:16Z,"Amnesty International caught in racism scandals while preaching about ‚Äòhuman rights‚Äô
https://t.co/wTXXUqYmKc",97,385,zlj517
2022-08-25T06:14:19Z,Wang Yi attended the reception marking 30th anniversary of the establishment of diplomatic relations between China and the ROK in Beijing. https://t.co/c4PY6Bs1j9,161,1173,zlj517
2022-08-25T06:11:33Z,"Some facts about Pelosi's visit to Taiwan.
https://t.co/Tph33phHzH",67,251,zlj517
2022-08-24T15:52:04Z,"China has decided to provide another batch of emergency humanitarian supplies, including 25,000‚ÄÇtents to Pakistan.  https://t.co/nhfGO6zPbz",362,1749,zlj517
2022-08-24T13:06:53Z,"‚ÄúI hope our family can become a bridge connecting Syria and China,‚Äùsays Syrian young student in China, Zein Alabdin Ali. https://t.co/tWLhxBGJds",141,630,zlj517
2022-08-24T13:05:56Z,"Scenery of Chaka Yan Lake in NW China's Qinghai, popularly known as ""Mirror of the Sky"". https://t.co/QQKnU7Vnbl",102,435,zlj517
2022-08-24T12:18:12Z,The US has stolen more than 18 billion dollars from Libya. https://t.co/0Sy3KDc9h6,2037,5870,zlj517
2022-08-24T12:17:53Z,"Similarly, Taiwan Province is not America's real concern, hegemony is. https://t.co/FhIu6NnnFY",208,1119,zlj517
2022-08-24T12:17:40Z,Human rights should not be weaponized. https://t.co/afbr0guyGB,119,402,zlj517
2022-08-24T12:17:07Z,China AID &amp; USAID https://t.co/6VLXz3MF0k,4249,15143,zlj517
2022-08-24T12:16:52Z,"When all is exposed, 98% of Washington will fall. https://t.co/YIVPM85ZqJ",534,1991,zlj517
2022-08-24T12:16:34Z,Seeing is believing. #Xinjiang https://t.co/lPT4gJF5TI,91,480,zlj517
2022-08-24T12:15:43Z,What the US has left to the Middle East. https://t.co/9ZDG24NY0X,683,2109,zlj517
2022-08-23T14:36:26Z,The stunning sunrise in Huangshan. https://t.co/5QZs4UXgdA,133,999,zlj517
2022-08-23T14:35:57Z,Chinese drones make Thai agriculture easier. https://t.co/xoGHVFmUeL,74,396,zlj517
2022-08-23T14:35:12Z,Can the US deliver its #climatechange bill? https://t.co/w273npi6wr,91,291,zlj517
2022-08-23T14:34:45Z,"After the #US hastily withdrew from Afghanistan one year ago in disregard of its responsibilities and obligations, Afghanistan has been facing a worsening humanitarian crisis, economic depression and terrorist attacks. https://t.co/EtSKTyLhMg",72,232,zlj517
2022-08-23T14:33:52Z,Check out how big data helps with combating and eradicating poverty. https://t.co/JCxTQn4B1b,59,218,zlj517
2022-08-23T14:32:38Z,"‚ÄúThe Western media accuses China of luring us into a debt trap‚Ä¶‚Ä¶But from where I‚Äôm standing, ultimate blame lies with the Western-dominated neoliberal system that keeps developing countries in a form of debt-fueled colonization.‚Äù
https://t.co/QMdGy6ohG3",62,187,zlj517
2022-08-23T14:32:10Z,Humanitarian aid from China has helped improve lives of many Afghan people. https://t.co/bQwxBx7j65,83,425,zlj517
2022-08-23T14:31:14Z,"Salute to #PLA, our Most admirable people. https://t.co/CkVx9FxVxY",71,316,zlj517
2022-08-23T14:30:16Z,The US froze 7 billion of Afghanistan‚Äôs foreign exchange assets to hamper Afghanistan‚Äôs reconstruction and development. Acting against the trend of the times will only lead to more ‚ÄúKabul moments‚Äù. https://t.co/o12grIjnsM,121,321,zlj517
2022-08-23T14:29:38Z,China‚Äôs #ClimateAction: the wind power station on the Gobi Desert in Gansu. https://t.co/PjryQ3OttX,117,580,zlj517
2022-08-23T14:29:19Z,Foreign Ministry Spokesperson‚Äôs remarks on the visit to Taiwan by Governor of the US State of Indiana.  https://t.co/dw55EvJcXO,31,121,zlj517
2022-08-23T14:28:56Z,Foreign Ministry Spokesperson‚Äôs remarks on Japanese lawmaker‚Äôs visit to Taiwan. https://t.co/JKusjXIaVJ,30,104,zlj517
2022-08-23T14:28:03Z,"China begins shipment of high-speed trains to Indonesia, customized for the Jakarta-Bandung high-speed railway. https://t.co/ri4hlKFIHI",55,403,zlj517
2022-08-23T14:27:35Z,China has built the largest #5G network in the world. There are now 475 million 5G mobile phone users nationwide. https://t.co/SZuBJDnVMy,58,311,zlj517
2022-08-23T14:27:02Z,Âè∞ÊπæÂêåËÉûÂ∞±ÊòØ‰∏≠ÂõΩÂÖ¨Ê∞ëÔºåÊúâÂõ∞ÈöæËØ∑Êâæ‰∏≠ÂõΩÂ§ß‰ΩøÈ¶Ü„ÄÇ https://t.co/B0gLeJF4L0,969,9255,zlj517
2022-08-23T14:26:45Z,Baby #panda trying to get on a hammock... https://t.co/BgvzlZIl2e,118,729,zlj517
2022-08-23T14:26:11Z,The line waiting for the library to open in #Chongqing. Knowledge is power. https://t.co/axLaMWW0Yg,265,2077,zlj517
2022-08-23T14:25:56Z,"The Chinese-built Mombasa-Nairobi Standard Gauge Railway has injected fresh vitality into Kenya's economy.
https://t.co/bDUWVCc8l4",35,134,zlj517
2022-08-23T14:25:40Z,Breathtaking #sunset view of #YellowRiver in China‚Äôs Inner Mongolia https://t.co/4n1rc5gj3h,34,220,zlj517
2022-08-23T14:25:14Z,"China‚Äôs visible achievement in high tech, green energy inspires PICs. ---Yok Yee Chan, Fiji's consul general in Shanghai 
https://t.co/0a39OgAx3t",23,105,zlj517
2022-08-23T14:24:03Z,Chinese researchers build highest-elevation weather station in middle section of Kunlun Mountains. https://t.co/uEGfzoag6n,37,189,zlj517
2022-08-23T14:23:16Z,Exploring thriving Chinese tea industry at China tea expo. https://t.co/8cNwvNj4qk,40,216,zlj517
2022-08-23T14:22:44Z,Open the door and embrace the picturesque scenery of a scenic spot in Yandang Mountain of Zhejiang Province. https://t.co/Lvs9Js5Psf,55,425,zlj517
2022-08-23T14:14:02Z,"In a software park in China's Fuzhou, a smart 5G bus stop is offering passengers unique services. https://t.co/ZbugBPJ68a",86,399,zlj517
2022-08-16T13:55:10Z,‚ÄúThis is US hypocrisy at its best.‚Äù The reporter reveals the hypocritical side of the United States‚Äô stand on Taiwan issue. #Pelosi #China #US https://t.co/vEsWe1sQbp,339,1367,zlj517
2022-08-16T13:24:59Z,"What harm has China done to the US, to the peoples of the world, of Latin America &amp; the Caribbean, of Africa &amp; of Asia? What worries them is that China is bringing benefits to these peoples.
‚ÄîPresident of Nicaragua Daniel Ortega",552,2605,zlj517
2022-08-16T13:20:01Z,Only the majority stands for the international community. https://t.co/JD9pbb07wG,1439,5543,zlj517
2022-08-16T13:19:27Z,"The US massacred more than 174,000 people in Afghanistan. https://t.co/wCR00E41Ig",1180,4354,zlj517
2022-08-16T13:19:05Z,"Everyone needs a clear understanding of himself.
So does a nation. https://t.co/mDrur19hhg",11118,45499,zlj517
2022-08-16T13:18:36Z,China has always been a reliable friend of Arab countries. https://t.co/Ezpd9jKnDS,182,1298,zlj517
2022-08-15T15:22:12Z,A group of foreign diplomats have visited the State Grid Corporation of China to learn about the country's electric utility development in the past decade. https://t.co/VJJueXCUDx,166,772,zlj517
2022-08-15T15:15:14Z,"Thank you B&amp;R Band for expressing Chinese culture by music.
https://t.co/RngW7Vvxm6",65,306,zlj517
2022-08-15T15:14:17Z,"The U.S. has coercively promoted American values in the Middle East. Experts in various countries say, the U.S. hegemony will backfire and will not take the country far. https://t.co/3TKbHNqDcN",176,600,zlj517
2022-08-15T15:11:25Z,"#Chongqing, confluence of the Yangtze River and Jialing River. https://t.co/zYm5H8EO4T",194,1395,zlj517
2022-08-15T15:11:02Z,Who are Syria's White HelmetsÔºü #Syria #US #WhiteHelmets https://t.co/sUhRq6Ov2d,187,556,zlj517
2022-08-15T15:09:55Z,How do the world people view Japan's handling of nuclear wastewater? https://t.co/Ii2NXXoQva,122,490,zlj517
2022-08-15T15:09:16Z,Some simple history knowledge for those who don't know. https://t.co/FqDid37koN,422,1766,zlj517
2022-08-15T15:09:10Z,Chipping away at stability https://t.co/B7xA6po5EL,127,623,zlj517
2022-08-15T15:08:54Z,"If the US spend more time dealing with its own problems and less time creating new ones, the world might be a better place. https://t.co/hivg3Yuk3C",342,1489,zlj517
2022-08-15T15:08:32Z,Ongoing sufferings of Syrian people caused by U.S. crimes. https://t.co/QjUQszoN4f,134,513,zlj517
2022-08-15T15:07:06Z,Why should the US get to decide how everybody else in the world behaves? https://t.co/GfZaQ2Ors5,287,1242,zlj517
2022-08-15T15:06:10Z,"Taiwan is part of China, a fact supported by history and law. https://t.co/8XsROO6ezz",906,5134,zlj517
2022-08-15T15:05:05Z,"Pakistan PM Shehbaz Sharif: ‚Äú#CPEC has helped Pakistan alleviate power and infrastructure bottlenecks, thus laying the foundation for sustained economic modernization. CPEC's growth to connect markets within and across the region is the logical next step.‚Äù
https://t.co/qqa0prj4Dr",45,154,zlj517
2022-08-15T15:04:20Z,‚ÄúThe publication of the white paper on the Taiwan question shows the Chinese government's determination to safeguard national sovereignty and territorial integrity and maintain peace and stability across the Taiwan Straits.‚Äù https://t.co/AjF0aDS9CI,81,289,zlj517
2022-08-14T03:29:09Z,Happy birthday Pakistan! May I wish Pakistan every success on its road to peace and prosperity! https://t.co/ymSNx7FwLQ,390,2388,zlj517
2022-08-11T01:07:33Z,"The Ethiopia road project that extends from Pushkin Square to Gotera Interchange, is funded &amp; constructed by China. 
It helps reduce the traffic congestion in the city. https://t.co/P5z0m5BD0D",225,1471,zlj517
2022-08-11T01:07:14Z,"Diplomats from 30 Islamic countries including Algeria, Saudi Arabia, Iraq, Yemen and Pakistan recently visited Urumqi, Kashgar and Aksu in #Xinjiang. https://t.co/cVpn7LYDls",224,1193,zlj517
2022-08-11T01:06:08Z,This is the international consensus on Taiwan. https://t.co/jqvEbMUxxm,602,2729,zlj517
2022-08-11T01:05:50Z,Henry Kissinger on the One China principle. #OneChina https://t.co/JPd4uSSsJy,191,813,zlj517
2022-08-11T01:05:27Z,"Wake up, the colonial era is gone. https://t.co/qO61K9YU1v",2839,10635,zlj517
2022-08-11T01:05:04Z,"Actually, the American dream is divided by race and color. https://t.co/VtSXChI7CY",297,1307,zlj517
2022-08-11T01:04:28Z,The US is an empire of sanctions. https://t.co/cOONaTSBtA,277,1238,zlj517
2022-08-11T01:03:59Z,It's always easier to fabricate an excuse than to find a real one. https://t.co/EGSUQ0fVWe,733,3085,zlj517
2022-08-11T01:02:55Z,Who is threat to the world? Who is safeguarding world #peace and #development? https://t.co/hwET13R3cg,398,1771,zlj517
2022-08-11T01:02:13Z,"A closer Look at China's countermeasures against #Pelosi. It would be a major blow to the interests of her family, which is heavily linked to China.
https://t.co/7KfNFZoUeC",107,383,zlj517
2022-08-09T14:51:53Z,African Union representative to China: https://t.co/khzxHJIs5i,213,1045,zlj517
2022-08-09T14:51:39Z,"""ÊÉ≥ÂÆ∂ Homesick"", worn by the first group of people returning to mainland from Taiwan visiting relatives in 1988 when they climbed the Great Wall. https://t.co/tDmfcbsvrn",283,1959,zlj517
2022-08-09T14:51:17Z,"The US makes a fuss about China' ""military encirclement"" when they're doing this: https://t.co/p4T9qnj0Lb",665,3301,zlj517
2022-08-09T14:50:08Z,"‚ÄúThe US doesn't care about the people of #Taiwan. They see Taiwan as a natural aircraft carrier that can't be sunk.""
Right to the point. https://t.co/CFlDPI3ijU",219,865,zlj517
2022-08-09T14:49:33Z,"#China brings techniques to #Africa. 
The #US brings violence to Africa. https://t.co/zLizFSIRES",2377,11552,zlj517
2022-08-09T14:48:53Z,"Political party leaders and observers in various countries have expressed support for China, after U.S. House Speaker Nancy #Pelosi's visit to #Taiwan. https://t.co/uja07pe8cj",133,576,zlj517
2022-08-09T14:48:01Z,"""Undoubtedly, it was a strategic loss for the US itself."" -- Bradley Blankenship,a Prague-based US journalist.
https://t.co/TYeg4Q0PZ5",61,215,zlj517
2022-08-09T14:45:08Z,"Anhui, a major agricultural province in eastern China, is becoming a scientific and technological innovation hub. https://t.co/LIbxHhNrCq",134,723,zlj517
2022-08-08T15:21:33Z,"Never behave like the CNN.
ÂÅö‰∫∫‰∏çË¶ÅÂÉèCNN https://t.co/EbCZwPpiKO",966,5338,zlj517
2022-08-08T15:20:43Z,Western propaganda is very much like this CNN host. https://t.co/uv4ntZRF4I,493,2590,zlj517
2022-08-08T15:20:07Z,Wake up! It's G7+1 VS 160+ on the #Taiwan issue! https://t.co/dutX93NHeB,925,5390,zlj517
2022-08-08T15:19:46Z,Democracy or DemocrazyÔºü https://t.co/VxBgr9qZWT,5046,19277,zlj517
2022-08-08T15:18:30Z,"""The key to sound relations between states lies in amity between the people."" Chinese Construction enterprises has laid a solid foundation for cultural exchanges and people-to-people integration between #China and #Algeria. https://t.co/29WYtaKX7g",95,499,zlj517
2022-08-08T15:18:01Z,China's high-speed bullet trains for the 142-kilometer Indonesian Jakarta-Bandung High-Speed Railway (HSR) rolled off the assembly line in Qingdao. https://t.co/Vg9KeL4LXM,467,2712,zlj517
2022-08-08T15:14:54Z,Smart tomato harvester are helping #Xinjiang farmers improve harvesting efficiency as tons of tomatoes are ready to be picked. https://t.co/IHhUZyBuCX,145,861,zlj517
2022-08-07T12:44:01Z,"Britain Is Not Giving up Imperial Nostalgia
https://t.co/PNf0UasjHP",139,1054,zlj517
2022-08-07T12:43:36Z,"Inflation of so-called ""China threat"" in U.S. should be held in check
https://t.co/9KM03FgUsm",78,394,zlj517
2022-08-07T12:43:12Z,"U.S. nuclear tests: A haunting nightmare of the Marshallese
https://t.co/32VLsnRrto",155,695,zlj517
2022-08-07T12:42:19Z,"'Stacks of Bodies'ÔºöA Truck of Despair and Death
https://t.co/uT200vuHrV",85,390,zlj517
2022-08-07T12:41:57Z,"NATO war crimes should be held to account
https://t.co/7sCs0eWXml",413,2163,zlj517
2022-08-06T15:08:07Z,Sanctions √©conomiques : sortons du pi√®ge √©motionnel https://t.co/8DDb0srw4g,59,396,zlj517
2022-08-06T15:07:19Z,"Amnesty International caught in racism scandals while preaching about ‚Äòhuman rights‚Äô
https://t.co/wTXXUqHjIc",97,517,zlj517
2022-08-06T15:06:25Z,L'intervention dangereuse des √âtats-Unis dans le d√©troit de Taiwan https://t.co/hWEIfO3Gr4,46,251,zlj517
2022-08-06T15:06:00Z,Partisanship erodes SCOTUS and stings U.S. public https://t.co/dD8FWo9Hhk,50,246,zlj517
2022-08-06T15:05:21Z,"Empire of Hacking: U.S. is the Biggest Threat to Cyber Security
https://t.co/piGWDbSHNF",81,300,zlj517
2022-08-06T15:04:43Z,Have the Taiwan authorities asked the people about their hearts and wills when they insisted on inviting Speaker Pelosi to #Taiwan? https://t.co/2fjTbWa2bf,267,1370,zlj517
2022-08-06T15:04:18Z,"If you go out to arouse a dragon, they may follow you home. https://t.co/J2cCvChCY8",109,587,zlj517
2022-08-06T15:03:38Z,US #slavery stretches beyond the nation's history https://t.co/7td0EIMplO,1525,6619,zlj517
2022-08-06T15:03:16Z,"What kind of surveillance requires such a huge budget?
#ICE #US https://t.co/OsezaPn96n",188,697,zlj517
2022-08-06T15:02:56Z,Irish member of European Parliament Mick Wallace: who engages in the most #military aggression...? #US https://t.co/0W9Gw5D2nm,208,941,zlj517
2022-08-06T15:00:44Z,"Glad to know that #Hunan Province has launched its first cargo flight route to #Africa, which is expected to carry 17,000 tons of cargo annually between Changsha and #AddisAbaba. https://t.co/8FAaVO8T0M",160,790,zlj517
2022-08-06T15:00:11Z,First batch of #Kenyan fresh avocado arrived in #Shanghai on 27 July!  We look forward to more good news on African agro imports. https://t.co/TEI4yHWy8X,572,3291,zlj517
2022-08-04T15:35:36Z,"""What is ugly? What is shameless? The statement of the G7 foreign ministers and EU High Representative for Foreign Affairs and Security Policy is a living specimen of all that‚Ä¶They collude, do evil and call white black."" @ChinaEUMission
https://t.co/U5GbmsPF1E",141,604,zlj517
2022-08-04T15:35:07Z,Countries reaffirm their support for China on the Taiwan question and their strong commitment to #OneChinaPolicy. https://t.co/Wx0GbLaWFX,200,1353,zlj517
2022-08-04T15:33:37Z,The Eastern Theater Command Army of #PLA on Thursday conducted long-range live-fire drills targeting designated areas on the eastern part of the Taiwan Strait and achieved desired results. https://t.co/CuDmhCxCSf,421,2603,zlj517
2022-08-04T15:33:08Z,"#UN Secretary-General @antonioguterres: Our position is very clear. We abide by General Assembly resolutions, by the One China policy, and that is the orientation that we have in everything we do. https://t.co/MgTi5s2yXH",181,736,zlj517
2022-08-04T15:32:01Z,"President Xi Jinping: No one should underestimate the great resolve, the strong will and the extraordinary ability of the Chinese people to defend their sovereignty and territorial integrity. https://t.co/3c0rvXBTH2",856,5158,zlj517
2022-08-03T15:05:11Z,Every #flower blooms in its own pace. The young Chinese #dancers perform the flourishing moments with their physical vitality. https://t.co/XqB9j8OBfu,107,647,zlj517
2022-08-03T15:04:16Z,The 32nd Nadam Congress in Inner Mongolia Autonomous Region of China. https://t.co/AcrBNy3Jk1,197,1145,zlj517
2022-08-03T15:03:36Z,"It'd be a shame that a scientific institution like #NASA descends into a political tool.
https://t.co/PDTGSpBRT2",48,212,zlj517
2022-08-03T15:02:10Z,"A Venezuelan expert said that the U.S. has been stoking conflicts in various parts of the world, as it wants to retain its hegemony. https://t.co/xa5TvrSufK",278,1129,zlj517
2022-08-03T15:00:20Z,"At the ASEAN FMM in Cambodia on Wednesday, SC &amp; FM Wang Yi said Nancy Pelosi's visit to China's Taiwan region was a ""complete farce"" and ""those who play with fire will perish by it, and those who offend China will be punished."" https://t.co/uaG3wRVmuc",209,903,zlj517
2022-08-03T14:57:07Z,#PLA launches joint military operations around Taiwan island. China resolutely defends its sovereignty and territorial integrity. https://t.co/4G0LPWlQpX,410,2506,zlj517
2022-08-03T14:56:01Z,"SC &amp; FM Wang Yi: The U.S. Side's Act in Bad Faith on the Taiwan Question Will Only Further Bankrupt Its National Credibility
https://t.co/jdESo1TDwm",55,369,zlj517
2022-08-03T14:55:30Z,"Remarks by State Councilor and Foreign Minister Wang Yi on U.S. violation of China's sovereignty
https://t.co/hpUShi2npF",48,319,zlj517
2022-08-03T14:54:43Z,"Statement by China's Ministry of Foreign Affairs on Pelosi's visit to Taiwan
https://t.co/IBsemgNyio",130,876,zlj517
2022-08-01T15:32:37Z,"The painting of the nature! Let's enjoy this spectacular ""crossing tide"" in the Qiantang River in Zhejiang Province. https://t.co/yT8w2qAuJH",273,2180,zlj517
2022-08-01T15:31:37Z,"The national flag guards raised the Chinese national flag at Tiananmen Square in Beijing on August 1, the 95th anniversary of the founding of the #PLA. Happy anniversary! https://t.co/UAFeisA8hY",639,5658,zlj517
2022-08-01T15:30:30Z,"‚Äú#CPEC, a flagship project of the China-initiated Belt and Road Initiative, has been truly transformative for Pakistan, enhancing the importance and image of Pakistan.""
https://t.co/is4LX3d780",88,460,zlj517
2022-07-29T15:53:55Z,History is always similar. https://t.co/3Y3P5qiZDb,7287,27948,zlj517
2022-07-29T15:53:15Z,"For 15 years, Zhou Shiqing, a power line worker in East #China, has worked to maintain the security of the grid, and protect the extremely rare oriental storks that like to nest on his high pylons. https://t.co/OlEj6KRYGn",150,942,zlj517
2022-07-29T15:52:41Z,Relive the milestone moments as the #Wentian laboratory module was transported by ship to a launching pad and sent into #space. https://t.co/BZklB03xIQ,130,676,zlj517
2022-07-29T15:50:59Z,"Global enterprises are keen to attend this year's China International Import Expo in November. #CIIE 
https://t.co/GMGEUzSLeg",51,286,zlj517
2022-07-29T15:48:50Z,"What products do you think of when you think of #Thailand? How about durian, coffee or snacks? Thai exhibitors have brought these and more to the ongoing second China International Consumer Products Expo as they look to secure a bigger share of the market. https://t.co/SWkxAZutL0",80,448,zlj517
2022-07-29T15:47:19Z,Sandboarding! So cool! https://t.co/zDHMRn5GwG,112,968,zlj517
2022-07-29T15:46:32Z,Tri-color lacquerware of Yi ethnic group has become its cultural symbol in the world. https://t.co/0SIqp78zgl,176,1265,zlj517
2022-07-28T00:49:37Z,History speaks for itself. https://t.co/FYWURqQqr3,1172,5621,zlj517
2022-07-28T00:49:15Z,China keeps its word. https://t.co/9ozg5KVxcf,1346,12399,zlj517
2022-07-28T00:48:58Z,Is US nuclear arsenal that vulnerable? Or is #FBI short of budget again? https://t.co/GhQBabJZTw,180,1066,zlj517
2022-07-28T00:48:33Z,The way the Commander of #US Southern Command Laura Richardson talks about Latin America...like discussing a get-rich scheme for Washington. https://t.co/X0pDD4KJSd,216,737,zlj517
2022-07-28T00:47:52Z,Who is truly committed to the well-being of #Africa? The African people know better than anyone. https://t.co/OGdDqBddAd,935,3181,zlj517
2022-07-28T00:43:40Z,"As an international consumer products expo is underway in China's #Hainan, a Japanese businessman said his company is eyeing great potentials in the market of Hainan, a free trade port of China. https://t.co/BlaxaBARmp",57,288,zlj517
2022-07-28T00:40:59Z,Foreign firms are optimistic about the Chinese market. https://t.co/8DrYXmEqTg,67,368,zlj517
2022-07-28T00:40:08Z,A Chinese research institute of the aviation Industry has successfully conducted an onboard test flight of its shipborne unmanned helicopter AR-500BJ. https://t.co/9vtHezFwpk,69,354,zlj517
2022-07-26T11:28:04Z,"To reach #NATO Strategic Concept, what is the cost? https://t.co/u1LrybaHoE",3300,10273,zlj517
2022-07-26T11:26:26Z,Scaring scenes..... When would this stop?? #StopGunViolence https://t.co/j93XwxEdDm,60,275,zlj517
2022-07-26T11:20:46Z,"An Egyptian expert has said that the rampant gun violence in the U.S. ""is against the basic principles of human rights,"" which is ""caused primarily by the freedom of possession of weapons with no restrictions."" https://t.co/lqr4kfZiMw",129,516,zlj517
2022-07-26T11:18:16Z,Chinese students learn sand control during summer vacation. https://t.co/kVpD8QG9fo,116,611,zlj517
2022-07-26T11:17:43Z,Tower crane operator captures breathtaking pictures from 270 meters up. https://t.co/bov7cI31co,111,741,zlj517
2022-07-25T15:34:12Z,Many young Arabs are using their talents to promote Chinese culture in their own country. ‚ÄúChina craze‚Äùare getting more and more popular. https://t.co/04uLYzwi5k,129,671,zlj517
2022-07-25T15:30:12Z,A Chinese chef turned the watermelon into an artwork featuring delicate patterns and complicated carving skills. https://t.co/c60vFUxs69,143,863,zlj517
2022-07-25T15:29:15Z,Renovated pedestrian street boosts night economy in Guizhou. https://t.co/nYryaGgMYY,181,985,zlj517
2022-07-25T15:28:03Z,Green materials play an important role in the 2nd China International Consumer Products Expo (CICPE). https://t.co/zFoDEFuaas,90,375,zlj517
2022-07-22T14:49:31Z,University graduates are encouraged to work as teachers in China's rural areas. It will create better future for rural students. https://t.co/fd88FiwgXl,116,719,zlj517
2022-07-22T14:48:45Z,What the #US has done borders on banditry. https://t.co/VbHxTzovYz,638,1953,zlj517
2022-07-22T14:48:19Z,"Yangshuo, Guilin, seen on the highspeed rail. https://t.co/hGXiLvL6LV",160,1278,zlj517
2022-07-22T14:47:46Z,Heroes among us. https://t.co/PumEDocVvC,2142,12361,zlj517
2022-07-22T14:47:15Z,"Qianhai, Shenzhen: 2010 vs. 2020 https://t.co/5ilZJWwdFs",244,1678,zlj517
2022-07-22T14:46:45Z,"So-called ""forced labor"" in China's Xinjiang, is all bogus, which is aimed at undermining the Chinese economy and destabilizing the country. https://t.co/2RMAln8MYD",162,592,zlj517
2022-07-22T14:46:08Z,The rural basketball match in Guizhou is on! What a great atmosphere! https://t.co/KowZktAbVP,81,409,zlj517
2022-07-22T14:45:39Z,How is democracy represented in the #US Congress? https://t.co/c6zbJSG9Yq,283,826,zlj517
2022-07-22T14:44:57Z,"Pakistani ambassador to China: Sino-Pakistan relationship unshakable.
https://t.co/BP9fy4V8fc",55,234,zlj517
